,File_name,QR_name,Label,Location_X,Location_Y,Area,Perimeter,Major_axis,Minor_axis,Orientaion,Eccentricity,Solidity,Median_R,Median_G,Median_B,std_R,std_G,std_B,Mean_R,Mean_G,Mean_B
0,IMG_0001.JPG,b'advanced_22_W1108-404_1',1,608,1463,114004,1865.5058428472707,515,296,-1.1107106887753182,0.8190963065962976,0.8619167145492485,54.0,130.0,123.0,13.107120195019258,16.831837507126796,17.58512310602849,54.91753725779146,130.79191775655028,121.51772321781006
1,IMG_0001.JPG,b'advanced_22_W1108-404_1',2,728,2805,141028,2424.6673144547576,557,332,-0.7376673955928482,0.802969641231572,0.8070733661439854,57.0,134.0,124.0,10.895116684724517,16.26412905956326,17.016316185568524,57.52997652931708,132.1087167705475,122.6822736071816
2,IMG_0001.JPG,b'advanced_22_W1108-404_1',3,743,2075,77153,1485.0479066835019,420,252,0.4827966169965093,0.7993276688021981,0.8479003879419296,58.0,141.0,132.0,22.577400359842596,18.900732756027253,18.566526546126493,62.18721484861054,142.98977343425963,134.35971847781005
3,IMG_0001.JPG,b'advanced_22_W1108-404_1',4,1250,1112,113872,1824.3271272970803,435,342,-1.1348846260781114,0.6168111008060406,0.8611270758341147,41.0,120.0,114.0,10.273665076172806,18.42709332658535,21.995873013790316,44.048203669064115,119.37174522046878,111.56727349369022
4,IMG_0001.JPG,b'advanced_22_W1108-404_1',5,1299,2139,86152,1461.3321779309638,416,269,-0.978160601435359,0.76314642738418,0.9170472084730428,54.0,127.0,117.0,10.19432099224095,14.810659947803273,16.468448788225153,54.309340576429754,128.25761743914754,115.45639632737867
5,IMG_0001.JPG,b'advanced_22_W1108-404_1',6,1559,2810,134289,1874.3931444750624,544,318,1.5058331859518543,0.8109054485355084,0.9403135568890787,50.0,127.0,120.0,8.493037612258899,13.856771007545143,14.917425047229301,50.58149648516621,125.58390176337424,117.91959817705231
6,IMG_0001.JPG,b'advanced_22_W1108-404_1',7,1802,1759,130667,1737.800215362499,569,297,-1.1249351043425813,0.8532395022988023,0.9396717869059947,52.0,124.0,116.0,8.872346290939522,15.089589790315264,16.132329722177975,51.38576217225598,121.85236404267368,113.84221603171444
7,IMG_0001.JPG,b'advanced_22_W1108-404_1',8,2129,3061,118713,1854.9373003523467,460,339,0.6403868689834834,0.6748090201486298,0.9087937409570762,52.0,121.0,113.0,9.274185693571066,14.848509885461318,16.909729783236497,51.706356560415124,120.85440393557518,110.47536896017252
8,IMG_0001.JPG,b'advanced_22_W1108-404_1',9,2297,1031,75238,1238.0113267570425,340,286,0.8314051372057623,0.5402212857792351,0.9365765003174287,55.0,121.0,117.0,5.648202833257129,13.119981814604175,17.572039589229778,55.054507755492644,120.76115475098688,113.87887608490503
9,IMG_0001.JPG,b'advanced_22_W1108-404_1',10,2298,2304,92072,1773.0134187980955,445,273,-1.4809204603329373,0.7896975936746499,0.8548852842591991,54.0,126.0,117.0,11.610485842731945,13.74286752147103,14.435814813469406,55.042825645425815,127.05494672589631,116.07616947790292
0,IMG_0002.JPG,b'advanced_22_W1106-052_2',1,600,2523,46914,920.5655839020934,280,218,1.2295293624118344,0.6276620510919847,0.9543901049719261,63.0,161.0,151.0,15.969282299887826,16.950493156937128,15.374252385729758,66.63679577089506,159.72711188796282,150.30307164325453
1,IMG_0002.JPG,b'advanced_22_W1106-052_2',2,648,2063,51541,1026.3473298326137,291,229,0.8338574629601856,0.615654781304486,0.9387134375113831,63.0,150.0,147.0,14.558456067604478,14.667715456567795,13.458965220191924,65.3266977105161,149.77062475746993,145.4058983313931
2,IMG_0002.JPG,b'advanced_22_W1106-052_2',3,996,2709,61922,1227.7270555095806,333,244,1.332553523223119,0.6806156881187807,0.8943096476025418,57.0,144.0,139.0,13.128322144514867,15.086003370545392,13.460608163366414,59.19718673794028,144.0569112255939,139.45113935498458
3,IMG_0002.JPG,b'advanced_22_W1106-052_2',4,948,3185,34295,862.0630585851518,250,178,1.354296518213766,0.7003619804309213,0.9183536846615252,58.0,149.0,141.0,14.831754715729796,15.895672268597206,14.972277416928355,62.188254505161254,149.31416574327872,142.5044905814428
4,IMG_0002.JPG,b'advanced_22_W1106-052_2',5,1059,1378,52976,1088.5138520739843,304,226,-0.6339322161141593,0.6675542383519351,0.9042896403393476,59.0,143.0,140.0,15.47616861220385,13.745856511087807,12.714400344920726,60.04067956583294,143.3869372345446,140.24067956583295
5,IMG_0002.JPG,b'advanced_22_W1106-052_2',6,1250,1916,36091,863.9625535217634,234,200,-1.1122249720675852,0.5196998752191738,0.9164339038139251,57.0,153.0,153.0,14.046857810673494,14.283380740960567,14.457128854259409,58.3330008312552,150.31792740371293,150.5337212524245
6,IMG_0002.JPG,b'advanced_22_W1106-052_2',7,1430,2819,40091,843.050865276332,278,185,1.3190623418004797,0.7450158762375443,0.9601714805767112,57.0,125.0,120.0,8.823025584896453,14.65484837717956,15.55948902714541,58.07021701172362,127.56819655774507,121.098029433774
7,IMG_0002.JPG,b'advanced_22_W1106-052_2',8,1500,2243,51184,998.5138520739843,285,238,-0.8775904310980316,0.5487841177879874,0.9195005838498158,48.0,120.0,114.0,8.096174095683017,15.961090011621527,16.592796524716867,49.66002383603931,117.77115448488756,111.18451438954341
8,IMG_0002.JPG,b'advanced_22_W1106-052_2',9,1848,1043,35781,839.5189027078675,244,190,-0.9585759219056444,0.6275770439837566,0.9235713179495122,57.0,119.0,113.0,7.458473856667319,12.846636237733653,14.251399741039927,57.6639183901621,119.83077138065958,114.03186137506987
9,IMG_0002.JPG,b'advanced_22_W1106-052_2',10,1936,1919,36695,877.9209229614208,253,189,0.04399132737913475,0.6632361744679163,0.9243771569640024,52.0,140.0,134.0,12.38001260348124,11.64101906223613,11.127908438106084,55.750912955796586,140.54597481877147,135.80416416852893
0,IMG_0003.JPG,b'advanced_22_2010008-008_2',1,555,1662,85822,1541.9595949289333,490,229,1.5488606710800237,0.8841855703217155,0.9076410554703611,50.0,135.0,137.0,16.74311957064445,21.43851368910142,21.32830348812878,53.69012246419874,134.63090618846203,134.95370596940143
1,IMG_0003.JPG,b'advanced_22_2010008-008_2',2,903,2506,98585,1673.94235098623,472,273,1.071235906290398,0.8154216438118308,0.8656539491592395,53.0,131.0,131.0,10.897482218948147,19.231441020102245,21.053676471340147,53.61948186318266,129.06336728069465,129.26802523736103
2,IMG_0003.JPG,b'advanced_22_2010008-008_2',3,1116,1446,83073,1507.4915574973977,387,282,-1.0965370002261507,0.686260232741084,0.87147128245476,56.0,130.0,125.0,12.786149348799624,19.57801633990303,20.353697982029246,58.64846157550077,133.13039291217257,125.69935718412943
3,IMG_0003.JPG,b'advanced_22_2010008-008_2',4,1476,2032,103868,1859.0794359760775,436,316,-1.4975838924582499,0.6887111353295896,0.8339729898993143,48.0,126.0,124.0,10.865860664286693,17.491980507062657,17.59268078382665,49.686974688784694,126.2790876794362,122.15639230939567
4,IMG_0003.JPG,b'advanced_22_2010008-008_2',5,1587,2891,91880,1566.6458864299484,427,279,0.9267058423482792,0.756618809180436,0.894270169257273,52.0,126.0,118.0,9.866295988493826,14.734899459936974,15.825380298599528,52.62575779013703,125.74961634323404,117.72910022964986
5,IMG_0003.JPG,b'advanced_22_2010008-008_2',6,1739,920,81559,1544.9301576774103,389,272,0.2900958075464744,0.7147739665075764,0.8957015463011773,51.0,113.0,102.0,6.384219013572131,13.631551499043793,17.890878100415403,50.435628632384315,112.14322322764168,102.40991686897668
6,IMG_0003.JPG,b'advanced_22_2010008-008_2',7,1897,1519,83758,1493.8347032479053,360,310,-1.5409637057713885,0.5063239113188326,0.8554765698410753,53.0,125.0,121.0,7.00458403668158,10.95235916398939,12.852053528950428,52.83598982771589,124.26186467996705,120.07459675012238
7,IMG_0003.JPG,b'advanced_22_2010008-008_2',8,2231,2628,62042,1256.798123321446,305,267,0.9456811953292877,0.4816136018010949,0.855291636223273,49.0,122.0,126.0,9.55947624285194,16.947431791889496,17.086638021297848,51.409583984784256,121.7814026208475,123.8422655985558
8,IMG_0003.JPG,b'advanced_22_2010008-008_2',9,2492,1140,67150,1463.006276123159,333,264,-0.9881701116557627,0.6080742323398167,0.8311260737183455,52.0,113.0,105.0,5.673212498719291,11.4738294118525,14.35742237858921,52.221403148222606,111.08475182057812,104.12056769274301
9,IMG_0003.JPG,b'advanced_22_2010008-008_2',10,2567,1922,101134,2084.417531092702,417,324,0.7005841616000386,0.6299292815367399,0.8323032482655891,52.0,119.0,115.0,7.652437515708987,16.359701585029196,17.996459530324877,52.75236569665688,119.24832646119467,112.53903275884231
0,IMG_0004.JPG,b'advanced_22_W1130-220_2',1,571,1741,38022,853.8204178980325,234,210,0.5998711945000658,0.439458218295109,0.929337863270843,59.0,147.0,147.0,16.163219734240478,17.343842153172794,16.788394117443456,58.9440046290208,144.73251624102468,145.11540990505247
1,IMG_0004.JPG,b'advanced_22_W1130-220_2',2,650,2991,48687,1005.9625535217635,304,207,0.9615848009878049,0.7300398211827253,0.9357126383763837,60.0,146.0,147.0,16.268735771472446,17.178496990707263,16.88457731189174,61.499404346218626,144.83142997987102,145.58193320461734
2,IMG_0004.JPG,b'advanced_22_W1130-220_2',3,840,2392,56480,1187.668181006535,323,229,0.2590492169260917,0.7053179624918992,0.8980474464160784,59.0,141.0,140.0,13.811053676561997,13.577148610680956,13.25775039600964,59.32725437773332,140.18072203827973,138.24550717965968
3,IMG_0004.JPG,b'advanced_22_W1130-220_2',4,1148,901,35006,887.9625535217634,248,184,-0.005392583179291793,0.6713181910072535,0.9016587677725119,46.0,131.0,138.0,11.080505898445765,13.821006234960034,15.32460982948194,46.978803028138834,129.7931724039423,135.92981002713898
4,IMG_0004.JPG,b'advanced_22_W1130-220_2',5,1223,1535,38505,923.6194077712559,262,195,-1.113635698064298,0.6688871472778456,0.9088441475676824,49.0,137.0,145.0,12.455608175313198,15.596457966628995,16.47271613858747,50.22041865780179,134.20551111572823,141.54700810305422
5,IMG_0004.JPG,b'advanced_22_W1130-220_2',6,1648,2996,59465,1264.4133470105958,345,224,-1.1719545134628402,0.7601874229508435,0.906022884829278,54.0,137.0,140.0,9.379097635665412,14.328778256173342,15.238772082994481,53.24323960715727,134.57370846226289,137.7417597201668
6,IMG_0004.JPG,b'advanced_22_W1130-220_2',7,1865,2118,44697,1036.874241767195,276,211,-1.0805560469050997,0.6427377235913586,0.91534066474166,50.0,129.0,132.0,9.832310920585911,12.44838700120121,13.648474371684333,50.418650438517986,128.41871755861823,130.41368355110077
7,IMG_0004.JPG,b'advanced_22_W1130-220_2',8,1893,1576,49366,1110.8153672641492,277,242,-0.0883619675849927,0.4918390916817257,0.8967647005395193,58.0,139.0,143.0,12.907058227609362,15.624935125397485,16.92056838712026,57.612579762989974,137.5550086093386,140.75861440291703
8,IMG_0004.JPG,b'advanced_22_W1130-220_2',9,1921,2643,40476,1141.0407640085652,282,194,-0.511873899258829,0.724790297809946,0.8170532307878641,53.0,134.0,140.0,14.468697342451716,18.13827765572087,20.211469458463583,55.30591723285979,131.89660284126003,136.42021000617666
9,IMG_0004.JPG,b'advanced_22_W1130-220_2',10,2165,1083,42899,944.9919907732864,282,196,-0.934650847158341,0.7202273797026342,0.9398400701062548,57.0,129.0,134.0,7.201758411644445,13.877288301588798,16.213968106401982,56.18613921394937,126.17080050351998,132.42384260338477
0,IMG_0005.JPG,b'advanced_22_W1130-220_2',1,571,1740,38082,862.9919907732864,234,210,0.6173703538951457,0.438133320939228,0.9295774647887324,59.0,147.0,147.0,16.43354689556025,18.122486625895426,16.9713002695858,58.8086447309682,144.83067671542238,145.20309340616055
1,IMG_0005.JPG,b'advanced_22_W1130-220_2',2,652,2992,48016,1105.3595231414336,302,207,0.9816966033127796,0.7294564288674956,0.9229231538077115,60.0,147.0,148.0,14.299759203340436,17.63482352114589,16.735129330079754,60.73953972716859,144.98962824117464,145.725898156826
2,IMG_0005.JPG,b'advanced_22_W1130-220_2',3,841,2393,56186,1282.337228564847,323,228,0.25610098818863825,0.7098144315279656,0.8927623738778104,59.0,141.0,140.0,13.027323544569056,14.014711071544339,13.150445511280047,58.75139272047699,140.20786686838125,138.37278633087124
3,IMG_0005.JPG,b'advanced_22_W1130-220_2',4,1148,899,35068,900.1046891454945,250,183,0.0009269282748758502,0.6789272751492226,0.8885848219941721,45.0,132.0,139.0,11.44709968447918,14.792076143802786,15.707300240101226,47.003336470185644,129.97935380842387,136.58867311147233
4,IMG_0005.JPG,b'advanced_22_W1130-220_2',5,1142,1968,43467,954.0630585851519,272,208,-0.7428618498685136,0.6441294142962339,0.9240630115436127,51.0,140.0,143.0,13.3633551042954,15.613540786979936,15.271793307458909,51.27561772419823,138.6901486219114,141.5035890121014
5,IMG_0005.JPG,b'advanced_22_W1130-220_2',6,1224,1534,38543,932.3473298326138,262,195,-1.1115531113674717,0.669388680719199,0.9056581606278491,49.0,136.0,145.0,12.58795510232911,16.32748733718907,16.591544468546886,49.997742722225105,134.04693581028488,141.57638420424473
6,IMG_0005.JPG,b'advanced_22_W1130-220_2',7,1649,2996,59603,1246.8569978244918,345,224,-1.1662575501267674,0.7614718971947019,0.9097472373160754,54.0,138.0,141.0,9.59636958941053,14.758900233831328,15.273330061415182,53.38517163853562,135.0323143518674,138.28445354182745
7,IMG_0005.JPG,b'advanced_22_W1130-220_2',8,1856,1780,48111,1163.8275605729689,274,238,-0.9913887180539868,0.49045153933961405,0.8753024652051306,59.0,141.0,144.0,12.927786834925076,15.42362914889632,15.350175761168684,58.01623363126169,139.44096861359384,141.55146539181044
8,IMG_0005.JPG,b'advanced_22_W1130-220_2',9,2165,1081,43092,947.477272147525,283,196,-0.9255894872279978,0.7199277043613117,0.9390281106994988,56.0,130.0,135.0,7.313151208805738,14.221995719321518,16.160653629951323,56.03773409760739,126.47513401870461,132.99083335267224
9,IMG_0005.JPG,b'advanced_22_W1130-220_2',10,2240,2484,41973,1220.9818895055196,294,195,-0.5961654498814735,0.7472321110762814,0.793155577391863,54.0,132.0,138.0,14.747425704835353,18.328664478983963,20.250462350625185,56.28473744401029,129.31790241113123,134.19856094539216
0,IMG_0006.JPG,b'advanced_22_W1301-004_2',1,638,1636,49709,1121.6021638285529,334,196,-0.07144676245177536,0.8097338177968249,0.8956899347724242,48.0,142.0,141.0,14.219141415993318,19.276416993559845,19.773898711538763,50.18803814275368,139.1875150881146,137.9063933370886
1,IMG_0006.JPG,b'advanced_22_W1301-004_2',2,732,2223,65462,1374.1189744953672,434,197,1.2457715755425367,0.8916298353222883,0.9046710889994473,59.0,147.0,143.0,16.235725654233562,18.777160564676375,18.351528398797118,61.290065840729596,145.6821007928385,140.8981225462489
2,IMG_0006.JPG,b'advanced_22_W1301-004_2',3,861,3016,63019,1219.9940828143392,332,245,-0.43153982344265535,0.6753059925062667,0.9239374257774129,54.0,148.0,150.0,17.497644161046797,18.101577084347305,16.197362570512684,55.82712875686312,146.3758291281856,147.6162207623219
3,IMG_0006.JPG,b'advanced_22_W1301-004_2',4,1163,1928,62584,1220.3128419472077,369,224,-0.31005373917490003,0.7936103973139341,0.9129686360320933,51.0,130.0,133.0,10.154900385753308,16.030488383373513,16.56422422503543,52.07422143393573,127.24305322531679,128.78623587875302
4,IMG_0006.JPG,b'advanced_22_W1301-004_2',5,1761,1152,69378,1329.9940828143394,379,236,-0.5853822542627004,0.7823187571769056,0.9098873427848234,48.0,126.0,124.0,11.17204470101153,17.60554488176769,18.928283950249245,49.61100941234127,124.62311717139686,120.51026997419895
5,IMG_0006.JPG,b'advanced_22_W1301-004_2',6,1739,2559,49990,1094.0702012600882,327,199,-1.1438829452638863,0.793220109461123,0.9285780625986811,50.0,134.0,132.0,17.015980558699237,20.77459432156984,21.248141364280503,53.17807917741903,133.25233551381305,128.54648022564965
6,IMG_0006.JPG,b'advanced_22_W1301-004_2',7,1795,1883,58916,1323.6509370638319,350,220,-1.244989582583015,0.7771268023525516,0.8744230226932039,52.0,138.0,135.0,13.58616983222731,16.337564528014912,16.586560560776803,54.474683866587455,135.50544004073666,132.59679198845794
7,IMG_0006.JPG,b'advanced_22_W1301-004_2',8,1995,3087,44870,965.8620484583752,281,207,0.8066602179912477,0.6755016364391739,0.9178309161944893,51.0,133.0,132.0,17.142584528894016,14.632054817600968,14.891164041906395,53.688292585081015,132.8276092625198,130.76678775992335
8,IMG_0006.JPG,b'advanced_22_W1301-004_2',9,2319,1511,71523,1454.8468965567251,409,230,-1.0460463696851419,0.8257508438260812,0.8856021396201184,49.0,126.0,125.0,11.969017459839087,14.88433060199425,16.60485147706695,50.963032353681385,124.69518469841448,122.11086099382008
9,IMG_0006.JPG,b'advanced_22_W1301-004_2',10,2426,2566,55077,1139.5849198858496,334,213,-0.4561822752693069,0.7720989515056396,0.9088913825538797,51.0,132.0,136.0,11.977222468071016,13.40776766406086,14.772358821324222,52.43505338078292,130.57968988307067,133.39004284988016
0,IMG_0007.JPG,b'advanced_22_W1108-404_2',1,734,1437,114278,1732.6286424872453,494,300,0.0071902448346712975,0.7934655680116715,0.8984896492621217,50.0,129.0,127.0,12.025613432950307,19.683670818538097,22.138536903979862,51.4010168275331,127.9228628682937,123.15527183947776
1,IMG_0007.JPG,b'advanced_22_W1108-404_2',2,686,2428,96277,2034.0499987245548,426,298,1.181519698613657,0.7141877071125073,0.8414424177802637,54.0,140.0,134.0,16.572513856760633,17.820495143918247,17.082051652125706,55.882359051061535,139.63692924508703,133.35485479247166
2,IMG_0007.JPG,b'advanced_22_W1108-404_2',3,1009,3077,94285,1615.0722933011411,466,261,0.24955648631446736,0.8276816409106417,0.8997776441734184,58.0,137.0,128.0,10.48952146150441,16.65610287117873,17.31156824774261,58.955135547919056,136.20497645411734,126.35947774808027
3,IMG_0007.JPG,b'advanced_22_W1108-404_2',4,1214,2114,116294,2248.4246737676385,487,317,-0.9968062530663571,0.7591023196162402,0.8263625381937043,51.0,127.0,116.0,11.597433141114621,14.68192913654979,16.956051422307503,51.335686584747144,128.21682302460167,116.10550076100883
4,IMG_0007.JPG,b'advanced_22_W1108-404_2',5,1484,1187,109181,1764.2510088513313,461,308,0.48514548862181345,0.7440077080869673,0.8983724451173354,49.0,120.0,114.0,9.675989867460101,14.345204395675072,15.315158145698073,49.64644623557428,119.32952921780546,111.7964920315076
5,IMG_0007.JPG,b'advanced_22_W1108-404_2',6,1808,2375,125926,2080.3931444750624,506,328,-1.395005393463599,0.7610847289444403,0.856109483245066,46.0,125.0,122.0,10.532127494847748,17.86303993947683,21.698561479308033,47.47654556283502,122.84419297200715,117.24130236251737
6,IMG_0007.JPG,b'advanced_22_W1108-404_2',7,2043,3163,86800,1598.8712831743646,383,294,-0.7218972262415912,0.6410458658516589,0.857902487719541,55.0,126.0,118.0,7.928155642900003,12.739429524357417,14.349420572691683,54.268344105346834,124.9237779237088,115.48077742831138
7,IMG_0007.JPG,b'advanced_22_W1108-404_2',8,2332,1342,92335,1540.302740679441,460,260,1.1967284364201731,0.8249128250830748,0.9135928285906518,53.0,119.0,118.0,8.80341594981906,15.377625177218265,18.299712339657678,52.21370242814131,117.40848441527498,114.83136222843156
8,IMG_0007.JPG,b'advanced_22_W1108-404_2',9,2407,1947,115830,1914.275395468971,477,318,0.8506256683176697,0.7449312983195523,0.8613176680547293,52.0,115.0,102.0,7.804273586910005,14.479662265645446,17.143145934468976,52.130891227585494,113.71856788887067,103.17993766673285
9,IMG_0007.JPG,b'advanced_22_W1108-404_2',10,2502,2627,76387,1336.4377336282355,427,232,-1.15581085032649,0.8400697265309529,0.9283561410758124,52.0,120.0,112.0,9.12748474208068,13.874330151110374,15.233174598568874,52.27421255203833,119.23211059618255,109.95694237163879
0,IMG_0008.JPG,b'advanced_22_W1106-052_1',1,658,2935,54919,1201.3006486383879,348,208,1.345079943130721,0.8029662686158983,0.8813126855492257,58.0,142.0,146.0,14.113498388109416,19.460356860252695,19.97180031397495,60.868640518591356,140.50513492843876,143.00624567537056
1,IMG_0008.JPG,b'advanced_22_W1106-052_1',2,771,1168,57232,1017.9036790187179,334,220,-0.5637862597910366,0.7520094596168903,0.9572649572649573,61.0,145.0,142.0,13.09686637238477,14.171259660107955,12.201198303836911,62.073509112194444,144.77099823522218,140.96367353357445
2,IMG_0008.JPG,b'advanced_22_W1106-052_1',3,857,1709,53520,977.0508652763322,322,214,0.05924928584426424,0.746852823711729,0.9575952764358562,56.0,141.0,144.0,10.445684968450932,17.952490466896766,18.931733267976117,56.53883667482576,139.13744651432202,142.58719333320877
3,IMG_0008.JPG,b'advanced_22_W1106-052_1',4,1085,2643,64718,1138.95750288788,361,233,1.159297095068578,0.7643969723648678,0.9271255640713416,58.0,148.0,142.0,13.200607260024787,12.494438750256737,12.066184709043219,59.519106262651235,147.24410896673209,142.0940865614908
4,IMG_0008.JPG,b'advanced_22_W1106-052_1',5,1604,1637,45112,888.8498551495554,297,197,-0.4951512107294382,0.7485124653250029,0.9640964267396136,53.0,131.0,128.0,7.550041983765684,13.835261756318676,15.168693543370324,54.71685398239897,129.17853738556008,124.98494823878876
5,IMG_0008.JPG,b'advanced_22_W1106-052_1',6,1605,2729,49429,938.9331162702406,313,205,0.9724772681216464,0.7552434776557168,0.9611861934856587,54.0,130.0,127.0,8.493825353182498,12.174268619092759,12.78602074230832,55.02443958889698,131.54628955248037,127.23486687707373
6,IMG_0008.JPG,b'advanced_22_W1106-052_1',7,1909,932,36844,818.1219330881976,258,184,0.17091154879208115,0.7027693442323759,0.9502488845330513,53.0,124.0,122.0,7.308239248639733,12.752995088113389,14.987989498942415,53.02214803354776,122.05976711994137,118.92259045137476
7,IMG_0008.JPG,b'advanced_22_W1106-052_1',8,2274,2569,71512,1167.5849198858498,374,249,-1.1176044212370253,0.7469085893863358,0.9536077662652852,53.0,124.0,123.0,7.853935928041521,16.790928139146846,18.556980797320353,53.73801233376683,122.41449567199452,120.68905483072534
8,IMG_0008.JPG,b'advanced_22_W1106-052_1',9,2412,1334,42400,959.5016587651645,252,218,1.1745732530374946,0.5013110576498839,0.9338178614690013,58.0,129.0,125.0,9.036940580167705,11.594056147629532,11.553755500569615,58.61456638128258,129.564706714781,124.25774192787566
9,IMG_0008.JPG,b'advanced_22_W1106-052_1',10,2573,1795,34162,833.5361466505706,246,178,-1.5542759957182135,0.6895440053306965,0.9429722866291267,59.0,140.0,135.0,13.13081859146873,12.811507523422277,11.310552458210049,61.1136383595328,138.71341588360997,134.55174028863323
0,IMG_0009.JPG,b'advanced_22_2010008-008_1',1,679,2905,76318,1349.893577750951,361,273,1.3672225940481884,0.6521555413501438,0.8998278586082487,52.0,134.0,126.0,11.102597146846053,17.026589244647507,16.74746025621878,53.14387357993632,132.4130403448773,124.47399661936397
1,IMG_0009.JPG,b'advanced_22_2010008-008_1',2,886,1295,64814,1431.0651506262047,359,237,-1.5691285380352769,0.7512825934720394,0.8354580492143493,55.0,129.0,119.0,8.074729701622168,17.162945882404546,17.914710706645366,54.70598491043464,127.04838535478993,116.80070356255689
2,IMG_0009.JPG,b'advanced_22_2010008-008_1',3,918,2531,71864,1288.4966081312812,335,276,1.5339344833295347,0.5667690762190356,0.9141374309919352,55.0,138.0,127.0,13.69887188076324,14.047759466621935,13.752602970676397,55.41805936295451,139.47701877182973,128.80844106146418
3,IMG_0009.JPG,b'advanced_22_2010008-008_1',4,1133,1595,84542,1752.9129137347072,441,250,-0.7226960621245695,0.8229937049676749,0.8367926675970742,52.0,129.0,124.0,11.210342908850278,16.237374731640877,17.270979127152103,54.18030304822512,128.69281177180304,122.14678085189435
4,IMG_0009.JPG,b'advanced_22_2010008-008_1',5,1465,3153,76929,1267.9696961967002,370,268,1.4529683382070235,0.6896089203647889,0.9405673065166891,58.0,128.0,128.0,11.331271123516386,17.45810132120741,19.029059897147597,58.142691867720465,127.73992564475874,126.2754393718802
5,IMG_0009.JPG,b'advanced_22_2010008-008_1',6,1735,1852,55157,1147.4671708797582,330,215,-0.8447780261620658,0.7577234194706411,0.9216642994402205,53.0,120.0,114.0,6.114637241844917,13.621227095376922,16.62777602874938,53.84772282253971,119.55259627239104,112.82734425991733
6,IMG_0009.JPG,b'advanced_22_2010008-008_1',7,1774,2405,72182,1301.668181006535,342,274,1.3328375494377076,0.5986363976167008,0.900103500305513,52.0,136.0,131.0,11.313435406146333,15.928093216168385,15.826402434471916,52.83715936326734,134.21328327399178,128.79417021099735
7,IMG_0009.JPG,b'advanced_22_2010008-008_1',8,1862,1024,43836,982.4062043356595,259,226,1.4771082327465588,0.4880440673145747,0.8378120102442567,46.0,118.0,116.0,8.061019131738567,14.149386807813228,14.915226190619975,47.87135850347895,116.81523896429793,112.18079160488195
8,IMG_0009.JPG,b'advanced_22_2010008-008_1',9,2227,1459,58940,1198.8813844421313,305,252,-1.1497540997649673,0.561301387578705,0.8944397232001943,53.0,118.0,109.0,7.4912306951500165,11.86231908357081,14.7295760792076,53.13439318617554,117.88649281460494,108.59598907344882
9,IMG_0009.JPG,b'advanced_22_2010008-008_1',10,2388,2581,89023,1509.3321779309638,432,271,0.34550695275588356,0.7794642353017035,0.8940745204378829,55.0,127.0,123.0,10.947815790036062,15.302998090240518,17.693934732037814,56.303509244905754,128.4788816247669,123.59004515737684
0,IMG_0010.JPG,b'advanced_22_Cascade_2',1,513,2747,54295,1038.430590953299,305,230,0.039750665564495725,0.6562037722077805,0.9396850121149186,58.0,134.0,125.0,10.85492583161675,13.438658114968694,13.524736121474632,58.40663793421004,134.89838656205106,124.458135337238
1,IMG_0010.JPG,b'advanced_22_Cascade_2',2,601,1414,48161,938.4894654563446,296,209,0.980412636002891,0.7063892446784596,0.9491535444709407,59.0,122.0,114.0,8.389144560583812,19.22771584289784,22.374864666110927,59.57200996677741,125.32983803986711,115.40342607973422
2,IMG_0010.JPG,b'advanced_22_Cascade_2',3,913,2442,59334,1248.579869251966,337,230,0.7216409322285843,0.7313741097769183,0.8654822335025381,57.0,127.0,117.0,8.596137258372481,16.834002960752425,18.117960226847778,57.319097298299425,128.47191276355485,117.73092545463739
3,IMG_0010.JPG,b'advanced_22_Cascade_2',4,1128,1742,73749,1423.2661607529815,368,259,-0.45564852328279043,0.7120085836746999,0.901532932374945,56.0,127.0,123.0,9.14712575910799,19.349087524173388,21.034214479530558,57.05590660085697,127.04044855453708,122.98473178933666
4,IMG_0010.JPG,b'advanced_22_Cascade_2',5,1443,1102,60423,1147.0580079512686,327,242,0.12806578253308265,0.6724720081605048,0.91200398472522,54.0,118.0,110.0,6.837265605523799,11.923563883155756,15.472823435152378,53.93374929661382,117.88385025321902,110.59465095495018
5,IMG_0010.JPG,b'advanced_22_Cascade_2',6,1445,2820,51726,1033.259018078045,298,225,-0.7094425983575471,0.6573023426268083,0.9221471484855508,56.0,122.0,110.0,7.083245528139645,15.984364127059292,17.768738282864657,56.032402126631226,123.0395360077332,111.26911551474142
6,IMG_0010.JPG,b'advanced_22_Cascade_2',7,1861,2784,46628,966.9331162702407,301,202,0.3103386809463452,0.7420598430454562,0.9388124911913343,55.0,124.0,118.0,9.591810331724659,16.40933692190077,19.129504651976735,55.41885602762348,122.45984086473503,114.03412186072447
7,IMG_0010.JPG,b'advanced_22_Cascade_2',8,2019,1104,88297,1398.9230150024741,407,287,-1.2839942147746177,0.7103711196293248,0.9100813226002618,56.0,105.0,92.0,5.977986387858647,14.725811784890778,18.238749072036303,56.63842076651264,106.36273443870617,95.31208661774033
8,IMG_0010.JPG,b'advanced_22_Cascade_2',9,2117,1861,69583,1249.7514421272203,385,234,-1.496916771122922,0.7948725907613087,0.9376751832686503,53.0,111.0,99.0,8.025916281835334,17.042013692999877,20.046498054989048,52.73879739012963,111.52658733580523,101.22778879595297
9,IMG_0010.JPG,b'advanced_22_Cascade_2',10,2468,2384,57845,1187.9696961967,318,237,1.1356407230145005,0.668450700577669,0.8897314424585474,53.0,106.0,103.0,6.669344909547342,14.818256337403188,18.942926725662993,52.72972131941083,106.00554940875458,101.90742341470161
0,IMG_0011.JPG,b'advanced_22_W1131-193_1',1,682,1845,42795,920.3717164502533,265,209,-1.5509162810716375,0.6141470609022031,0.9235400751003496,60.0,153.0,152.0,22.613737129044832,19.14854601162567,18.22761869335214,59.12228349768659,150.59629854652522,150.40858531569847
1,IMG_0011.JPG,b'advanced_22_W1131-193_1',2,1067,1766,21978,724.2813126546316,184,158,-0.9734325038248477,0.5119152322786055,0.8634060106069534,51.0,143.0,136.0,13.675875275650384,15.284681121348152,14.574666326834471,52.376074987486916,142.98684988851983,135.07007325840652
2,IMG_0011.JPG,b'advanced_22_W1131-193_1',3,1259,2806,45788,1071.4427842621187,257,233,-1.141797316224832,0.42154591450344064,0.8775177753502367,75.0,163.0,156.0,33.61912240666662,24.099185845789236,22.503361196398874,75.50811365671478,161.72177692358093,154.63085591980257
3,IMG_0011.JPG,b'advanced_22_W1131-193_1',4,1472,1182,37453,892.9331162702407,237,206,-1.1056253331884067,0.49419123788993075,0.9104677168416958,53.0,135.0,145.0,13.727339254142716,17.831816529884403,19.79246087645789,53.33336003417708,133.20322012175583,143.0968172594254
4,IMG_0011.JPG,b'advanced_22_W1131-193_1',5,1599,2649,37605,903.1757569573599,239,205,0.5614259088208812,0.516738397612106,0.9125655212580082,56.0,141.0,138.0,18.111361338447043,13.535527317099394,11.805403960323213,56.10504201680672,140.39955855760024,137.102382725242
5,IMG_0011.JPG,b'advanced_22_W1131-193_1',6,1654,2036,56398,1142.4722215136417,284,257,1.5192762738464007,0.42691302334547226,0.9196275702382312,55.0,139.0,135.0,18.551434243386662,18.900714684683336,19.324276133230484,56.740039363795944,136.5365356313279,131.46229409365748
6,IMG_0011.JPG,b'advanced_22_W1131-193_1',7,1951,1120,50058,964.0874452027913,287,224,-1.053463585529175,0.626494458492078,0.9326129482999534,47.0,132.0,135.0,14.8674448507153,12.503560289278793,11.982023844523347,49.19347943344587,132.01931797750564,134.0188585013085
7,IMG_0011.JPG,b'advanced_22_W1131-193_1',8,2032,2885,46883,917.5189027078676,253,239,1.3776452551135108,0.32849879950923494,0.9320675944333996,48.0,130.0,128.0,15.462134225333156,14.394762785462554,13.238654350261319,51.11324175589779,132.01422720873683,129.29821679962458
8,IMG_0011.JPG,b'advanced_22_W1131-193_1',9,2594,2457,44834,1035.2001435749994,258,226,1.1728036938476876,0.4808015158914598,0.8974338444293206,57.0,133.0,133.0,13.692554660504099,15.507888218935273,13.901237496596522,57.948096268373746,131.1798228983115,132.06999308545045
9,IMG_0011.JPG,b'advanced_22_W1131-193_1',10,2794,1810,40477,949.4356415871823,252,209,0.044516893407935666,0.5583882232020805,0.894400742442991,50.0,115.0,126.0,10.833751145862857,12.175646043814154,11.723598612151507,51.64304773198933,114.16063840300426,124.7174374938235
0,IMG_0012.JPG,b'advanced_22_2012057-023_1',1,681,1335,96775,1596.0256121069153,392,319,-0.7508432993627464,0.5813415710911469,0.9357926799787265,54.0,135.0,134.0,15.346857028073863,18.780095469677782,18.29537900584444,55.62183024366049,134.88595077190155,131.41631016595366
1,IMG_0012.JPG,b'advanced_22_2012057-023_1',2,786,3061,59167,1168.7392488184005,281,275,-0.6470586228272068,0.21939550137155878,0.888353377475489,57.0,147.0,139.0,17.19585501062938,19.108934793460953,18.76199359667433,60.28482574451543,145.95931785146874,138.09824899435486
2,IMG_0012.JPG,b'advanced_22_2012057-023_1',3,803,2348,49177,1054.5310960166873,301,211,0.9894343977030815,0.7123983287483227,0.9178580760760013,60.0,135.0,133.0,12.667856329338244,15.907038543253535,16.908032227735838,60.89708394338702,134.35289572149017,132.01405156987147
3,IMG_0012.JPG,b'advanced_22_2012057-023_1',4,1172,3087,79318,1342.337228564847,382,267,-1.3184062668579957,0.7145857542682644,0.9219056917372759,53.0,135.0,127.0,12.249756608630342,17.823051956623495,18.203789231367814,54.53073111691062,134.64740219625048,126.30368016944665
4,IMG_0012.JPG,b'advanced_22_2012057-023_1',5,1256,1870,66506,1449.2194795587554,384,226,0.24814121763211566,0.8092741918980625,0.8788022939295436,50.0,140.0,139.0,13.646196103753214,17.264280010145967,17.09850537302931,50.637410720998425,138.55263514021502,136.88867002481015
5,IMG_0012.JPG,b'advanced_22_2012057-023_1',6,1674,2666,122553,2224.3830432072955,550,294,0.8061271922715427,0.8450353298786187,0.8124540084723852,51.0,122.0,120.0,9.652850484232774,15.203231601089936,16.51252389959991,51.94164925909002,121.46705072132646,118.59165089105034
6,IMG_0012.JPG,b'advanced_22_2012057-023_1',7,1771,1288,87095,1562.687516990291,377,302,-1.179591114575695,0.5979461908723746,0.8534709156475384,51.0,126.0,121.0,8.414940872352894,13.513817867415279,15.856370844525884,52.15630238592785,124.23928169563919,118.4374813419983
7,IMG_0012.JPG,b'advanced_22_2012057-023_1',8,2256,2621,79081,1445.734198184517,352,297,0.5977334050977002,0.5355161893129906,0.871041646014385,52.0,123.0,117.0,10.544848852535546,13.889264881511364,14.87479405846326,52.64185634800202,122.40323722812342,115.2670080930703
8,IMG_0012.JPG,b'advanced_22_2012057-023_1',9,2385,2011,98500,1568.386001800126,409,312,0.6380210957068305,0.6466807826603981,0.9127215782207025,50.0,125.0,120.0,8.232033640466993,12.56376861541237,13.855338810885604,50.884739946598444,123.87382613021452,118.27194184712535
9,IMG_0012.JPG,b'advanced_22_2012057-023_1',10,2422,1144,89092,1787.1555544218265,422,285,1.119000088567002,0.7375784024896138,0.8461100136757331,51.0,120.0,115.0,7.656317751009248,11.927851936935415,13.435965658836954,51.33850781784916,118.60901774590026,114.16419166919218
0,IMG_0013.JPG,b'advanced_22_2012057-003_2',1,542,1530,52680,1080.1046891454944,317,215,-0.29914877459019196,0.7350566572551545,0.9313508830861164,59.0,147.0,143.0,18.014248200012272,20.548568871171465,20.735375571623692,60.07204009187722,145.65060080867138,140.4891892404943
1,IMG_0013.JPG,b'advanced_22_2012057-003_2',2,1106,2889,80965,1210.177848998413,330,315,-1.5219439829961159,0.2933393927413167,0.9361739029889576,41.0,133.0,129.0,15.131658816918836,16.362737334438442,16.23646669364416,45.43305666716071,133.70662269650708,128.3477594980485
2,IMG_0013.JPG,b'advanced_22_2012057-003_2',3,1104,1703,69184,1309.3666658163697,317,282,1.5584067965407244,0.4584738729514654,0.8992759933968518,51.0,140.0,135.0,14.880972116334965,19.01410883640247,20.059824918558498,52.07801049390746,137.97857855253457,132.53753089631846
3,IMG_0013.JPG,b'advanced_22_2012057-003_2',4,1420,2336,68579,1540.2022356160523,365,252,-0.30547519567071335,0.7238705748081662,0.8304955434993219,52.0,128.0,119.0,9.380027534790624,12.90903919006956,14.657057184932942,53.700428708915396,128.9487299133833,120.35747615853481
4,IMG_0013.JPG,b'advanced_22_2012057-003_2',5,1581,1241,63948,1270.052957317385,352,234,0.39555629239949097,0.7462351581208762,0.8965343203230148,46.0,124.0,121.0,10.192492076277869,15.2497392560772,17.832969948253705,47.73279434531722,122.2036217492611,117.78371151109512
5,IMG_0013.JPG,b'advanced_22_2012057-003_2',6,1821,2051,47191,1081.8864350760145,262,236,1.3672432684369937,0.43314538268096436,0.8582522506138037,48.0,120.0,117.0,11.781374036288943,13.92462474827095,14.958921954892041,50.30737444373808,121.20487391396482,116.01873278236914
6,IMG_0013.JPG,b'advanced_22_2012057-003_2',7,2026,2332,90342,1428.2367235014585,369,320,-0.6230604086918548,0.4973452424583759,0.900690906553144,52.0,129.0,123.0,11.418989999761218,16.329590179020578,16.52856571391462,53.2222136128668,129.29797102090967,120.88511307158433
7,IMG_0013.JPG,b'advanced_22_2012057-003_2',8,2499,2799,88357,1762.6946596652276,371,315,1.4259834468941717,0.5290204103553038,0.8454568071343821,56.0,125.0,122.0,9.174712910452188,14.154028404138845,15.901373709236541,55.64482321517497,123.61165059531893,117.73613563312055
8,IMG_0013.JPG,b'advanced_22_2012057-003_2',9,2701,1227,58353,1354.9818895055196,351,218,-1.184782784242432,0.7835544101109945,0.8231485399915361,45.0,114.0,107.0,6.876697139218069,14.264651599458988,16.56646118271323,45.668888812722784,112.31438511105017,106.09435837674802
0,IMG_0014.JPG,b'advanced_22_W1301-004_1',1,671,2857,54496,1155.986940139403,381,184,0.8925508195055821,0.8750727856389233,0.9361322018758375,60.0,153.0,157.0,22.626419911424684,24.92110920433694,24.56907594599773,65.21077163042482,151.62095605101385,155.62690155060096
1,IMG_0014.JPG,b'advanced_22_W1301-004_1',2,657,1417,58149,1192.5971131946692,345,219,-1.542118090480091,0.773265792299699,0.9158909417379388,47.0,133.0,129.0,13.299503521168692,18.245327825676977,19.394898364386233,48.661742450299236,131.31051798858087,126.3319460686524
2,IMG_0014.JPG,b'advanced_22_W1301-004_1',3,829,2297,52430,1147.383909759073,381,178,0.9823875808991698,0.8844129911081592,0.9276526477821617,56.0,147.0,143.0,19.355327055640945,18.67270071245783,17.265901036328493,58.770699422075566,148.17274790669285,143.44984645902076
3,IMG_0014.JPG,b'advanced_22_W1301-004_1',4,1239,1154,45119,1016.9747468305833,325,181,0.6414405843642684,0.8296252411132804,0.8969266857506362,55.0,139.0,133.0,10.623132700002746,15.479864245442428,16.571252450024534,56.11199521255375,136.48608094330422,131.3311981914092
4,IMG_0014.JPG,b'advanced_22_W1301-004_1',5,1330,1928,44941,1039.3595231414336,350,165,0.4162959250759909,0.881408446105947,0.913973683675337,52.0,138.0,140.0,12.570357393960837,14.9045140623035,15.440087769421856,52.88406764574989,136.03604806408543,136.80921228304405
5,IMG_0014.JPG,b'advanced_22_W1301-004_1',6,1467,2912,108197,1796.3098833543772,508,275,0.7563611748731193,0.8412316865293852,0.9091420889000924,48.0,136.0,135.0,15.737855918025854,20.87034036236871,21.187279859676753,51.40396132943916,135.4237217642057,132.68624533254464
6,IMG_0014.JPG,b'advanced_22_W1301-004_1',7,1828,1431,67106,1280.1534623807736,373,235,-1.4976604815840515,0.7771117508174433,0.8977271207074153,46.0,131.0,132.0,11.754343065457524,18.814060052645466,20.83522662547787,48.21637731912674,128.6867446539006,127.62086282691304
7,IMG_0014.JPG,b'advanced_22_W1301-004_1',8,2206,2712,62447,1316.6803743153548,334,242,0.9336808336857144,0.6910590069719313,0.8966344082933694,50.0,106.0,106.0,9.229370810098287,17.494433056100494,18.959130964066965,50.98427441309291,105.05753771258367,105.42628831310252
8,IMG_0014.JPG,b'advanced_22_W1301-004_1',9,2546,1500,57343,1240.8813844421313,379,197,0.4430116514059197,0.8541584803981717,0.9230558730260934,51.0,123.0,119.0,9.852245761979418,14.82807571432343,17.670467526490356,52.49152453698859,122.15667399114088,117.85342331973074
9,IMG_0014.JPG,b'advanced_22_W1301-004_1',10,2669,2041,63950,1242.35447250755,412,201,0.9141777047353,0.8733558889239493,0.9145905437487486,52.0,127.0,124.0,11.149586545768521,13.797573296600287,14.635288774642126,54.23088711316831,125.92803640400945,121.88002939842687
0,IMG_0015.JPG,b'advanced_22_W1130-295_1',1,539,1601,23572,723.938166904124,193,159,1.3794463441015532,0.5680295750087996,0.9150621118012422,55.0,141.0,146.0,13.929482220548975,16.398450785942,15.041012351601491,54.90280429341139,138.2905264944211,143.94696873276484
1,IMG_0015.JPG,b'advanced_22_W1130-295_1',2,570,2374,23176,701.1686142824235,193,156,-1.2100967583647018,0.5884925441587426,0.9315861403649811,55.0,144.0,150.0,16.46630813286186,17.053392629072135,16.72640302825101,55.12491909385113,142.70394822006472,148.96526429341964
2,IMG_0015.JPG,b'advanced_22_W1130-295_1',3,1005,2907,31278,765.6538956566621,219,185,0.5603065829909178,0.5328022390871536,0.9361027145123155,55.0,145.0,151.0,11.360679888156945,14.112636536681467,15.41249592280811,54.32103462608306,143.26821626115037,149.32359241615245
3,IMG_0015.JPG,b'advanced_22_W1130-295_1',4,1208,2046,72152,1396.9474016201134,387,246,-0.9994145013517279,0.7711002500133874,0.8889217425586438,54.0,136.0,142.0,13.44861185832908,13.967243355311572,14.739246655354501,53.751715152943135,135.20314340757577,140.8110213302657
4,IMG_0015.JPG,b'advanced_22_W1130-295_1',5,1608,1086,34605,817.5950211536164,274,162,0.1326193650448661,0.8068939406639225,0.9434553831892909,51.0,135.0,143.0,9.307552877569183,14.305118543511618,15.77038914501251,50.6456190035834,132.0606866258236,140.72263322159287
5,IMG_0015.JPG,b'advanced_22_W1130-295_1',6,1781,2858,32399,792.8082245892128,230,182,-1.196246246871982,0.6114613690467771,0.9403279640110289,53.0,129.0,131.0,8.998087459525856,15.918043775968455,15.50847855598177,52.767639977776405,126.64602753256374,128.93817519599975
6,IMG_0015.JPG,b'advanced_22_W1130-295_1',7,1833,1286,32868,851.4356415871823,242,177,0.5638987777467449,0.6839822426262814,0.9204660020163549,52.0,135.0,138.0,10.952536831873227,13.473892879665216,13.877507690146764,51.868500319469376,133.2892871269054,136.46961998357014
7,IMG_0015.JPG,b'advanced_22_W1130-295_1',8,1914,2357,33480,810.1219330881977,233,185,-1.5620962749466283,0.6060738562989085,0.929819201821868,55.0,138.0,134.0,14.388731408195103,16.770051296679647,15.44589862736997,56.54738791481227,137.10197437199437,133.69222497685115
8,IMG_0015.JPG,b'advanced_22_W1130-295_1',9,2297,2504,32203,760.1808075912434,211,197,0.019025467102015626,0.36596844442351445,0.9380425284008156,52.0,128.0,132.0,9.70463504398706,13.598050488855147,15.393645776564826,50.71073225265511,126.26135022669399,129.29929818023726
9,IMG_0015.JPG,b'advanced_22_W1130-295_1',10,2674,1675,39077,800.4650788387053,247,204,-1.5633158930678408,0.5660318850071582,0.9612328733426807,50.0,123.0,128.0,8.378628201547036,12.352507069392242,14.250419636027935,49.3806428498311,122.0345992425018,124.92982905107995
0,IMG_0016.JPG,b'advanced_22_Cascade_1',1,631,2726,68785,1268.6387437550118,348,261,-1.4834937920396842,0.6626728174884529,0.9086285699188925,54.0,125.0,117.0,8.606362239326854,17.52991931891672,20.6033408583469,54.75763258897418,125.66530006978367,117.1973278669458
1,IMG_0016.JPG,b'advanced_22_Cascade_1',2,822,1238,63509,1304.2955980045044,376,222,-0.4759003993484634,0.8061538013214727,0.8859578148540818,56.0,132.0,125.0,15.286456407721236,18.7954247348093,21.26868443406488,57.90431126787176,132.30153681425963,124.81512565346098
2,IMG_0016.JPG,b'advanced_22_Cascade_1',3,884,1960,56785,1136.798123321446,334,219,0.13466838506379733,0.7547863441192243,0.9162713395940233,60.0,142.0,133.0,17.587204706474115,19.092011890680656,19.48338391435205,63.10983727810651,142.20128909551985,132.70472316145393
3,IMG_0016.JPG,b'advanced_22_Cascade_1',4,1558,2462,96396,1786.1677477306462,495,263,0.7057070978281399,0.8468758462704895,0.8308137831175771,55.0,116.0,105.0,8.609468869149488,18.26839471597592,20.781557706307566,54.124902743918256,115.97805902795788,106.51261994916749
4,IMG_0016.JPG,b'advanced_22_Cascade_1',5,1667,1059,57026,1079.4183976444792,354,210,-1.3611197867649718,0.8050916992694948,0.9406040213106371,55.0,111.0,100.0,7.145513875532942,15.777777675150645,17.75294666627972,53.88650591845682,111.12799649276633,102.34100832967997
5,IMG_0016.JPG,b'advanced_22_Cascade_1',6,1758,1944,66005,1143.3422791987305,350,242,-0.9675644010939183,0.7205728997809258,0.945318877733698,55.0,122.0,112.0,7.101048560340513,14.328316710043694,17.082979212887484,55.62723471304769,121.6793982182898,111.0036664444579
6,IMG_0016.JPG,b'advanced_22_Cascade_1',7,2253,2662,54416,1067.8448045156722,306,231,-1.5278729351476106,0.6557335916282235,0.9239807787003549,56.0,118.0,103.0,6.624190629059109,13.482409398393905,15.759674469909923,55.973867499770286,118.47927961040155,103.66011210144262
7,IMG_0016.JPG,b'advanced_22_Cascade_1',8,2498,1425,68259,1374.3961030678927,409,223,1.0203868811167789,0.8389656705949226,0.8984757542252408,55.0,108.0,92.0,5.578314399292351,11.570786011302163,14.398635068152577,55.104222215710976,108.67551056286443,95.89516247179817
8,IMG_0016.JPG,b'advanced_22_Cascade_1',9,2586,2050,69055,1386.905771059771,382,239,0.932220445825998,0.7792647423764638,0.867416153749529,54.0,115.0,101.0,6.309550726064216,13.574390745045957,16.296245237719024,53.72507023488864,113.7238248327396,102.44896747472993
9,IMG_0016.JPG,b'advanced_22_Cascade_1',10,2611,2901,52848,1030.6316010800756,287,238,-0.3679214443973913,0.5596308693109515,0.9209054315437294,54.0,113.0,104.0,6.365452195155865,13.728440111188478,16.755186148410957,54.49230798342385,112.40874600261131,103.30321494124549
